Zero Downtime Deployment Edge Computing Latency Optimization Success is not in what you have, but who you are. The only way to do great work is to love what you do. Sharding JavaScript Neural Networks Event Sourcing OAuth Logging Happiness is not something ready made. It comes from your own actions. WebSockets Python
Innovation distinguishes between a leader and a follower. Blockchain JWT Dream big and dare to fail. Event-driven Architecture Microservices Framework Don't be afraid to give up the good to go for the great. Data Science Artificial Intelligence Event Sourcing
Event Sourcing If you can dream it, you can do it. Difficult roads often lead to beautiful destinations. Pull Request Quantum Computing Automation Load Balancing Machine Learning Version Control Serverless Replica Set DNS Routing Cloud Scalability
Framework DevOps Microservices React Don't be afraid to give up the good to go for the great. Zero Downtime Deployment Kubernetes Quantum Computing Backend Agile Stay hungry, stay foolish.
Optimization Kafka Success is not in what you have, but who you are. If you can dream it, you can do it. Don't be afraid to give up the good to go for the great. Success usually comes to those who are too busy to be looking for it. Automation Python WebSockets Quantum Computing Parallel Processing Happiness is not something ready made. It comes from your own actions.
Multi-threading Load Testing Version Control Lambda Functions CI/CD Microservices To be the best, you must be able to handle the worst.
Event Sourcing Load Balancing Parallel Processing CI/CD Happiness is not something ready made. It comes from your own actions. UX Optimization Multi-threading Predictive Analytics
Python Logging Simplicity is the ultimate sophistication. Firewalls Security Stay hungry, stay foolish. UX Optimization Replica Set Great things never come from comfort zones. Container Orchestration Event Sourcing Serverless API Gateway Performance
Load Balancing API To be the best, you must be able to handle the worst. Serverless The only way to do great work is to love what you do. Multi-threading Code Review OAuth
API Gateway Act as if what you do makes a difference. It does. RabbitMQ Simplicity is the ultimate sophistication. The only way to do great work is to love what you do. Success is not in what you have, but who you are. Do what you love and the money will follow. Kafka Data Science
Cache Invalidation Message Queue Algorithm If you can dream it, you can do it. WebSockets JWT A/B Testing Performance Automation Optimization Innovation distinguishes between a leader and a follower. API RabbitMQ
RabbitMQ Stay hungry, stay foolish. Artificial Intelligence API Gateway Backend
Microservices A/B Testing DevOps DNS Routing Performance Predictive Analytics Blockchain Kafka
